<?xml version='1.0' encoding='UTF-8'?>
<!DOCTYPE hibernate-configuration SYSTEM
    "http://hibernate.sourceforge.net/hibernate-configuration-3.0.dtd">
<hibernate-configuration>
	<session-factory>
		<property name="hibernate.dialect">org.hibernate.dialect.MySQLDialect</property>
		<property name="connection.url">jdbc:mysql://localhost:3306/week6</property>
		<property name="connection.username">root</property>
		<property name="connection.password">mysql123@</property>
		<property name="connection.driver_class">com.mysql.jdbc.Driver</property>
		<property name="show_sql">true</property>
		<!-- <property name="hbm2dll.auto">update</property> -->
		<mapping class="com.infnite.pojo.Cart"></mapping>
	</session-factory>
</hibernate-configuration>